{"cameraMode":{"drawMode":0,"name":"Shaded","section":"Shading Mode"},"sceneLighting":true,"audioPlay":false,"sceneViewState":{"showFog":true,"showMaterialUpdate":false,"showSkybox":true,"showFlares":true,"showImageEffects":true,"showParticleSystems":true},"in2DMode":false,"pivot":{"x":-2.0987930297851564,"y":0.2690765857696533,"z":-0.21930783987045289},"rotation":{"x":-0.08772698789834976,"y":0.7267965078353882,"z":-0.09450915455818176,"w":-0.6746402382850647},"size":5.071733474731445,"orthographic":false}